INSERT INTO ARTISTS VALUES ('Auxili', 'PV', 'Reggae');
INSERT INTO ARTISTS VALUES ('Los de Marras', 'ES', 'Punk-rock');
INSERT INTO ARTISTS VALUES ('Vendetta', 'EK', 'Ska');
INSERT INTO ARTISTS VALUES ('Poncho K', 'ES', 'Rock');

INSERT INTO ALBUMS VALUES ('Tresors', 'Auxili', 2018, ORDIMAGE.INIT());
INSERT INTO ALBUMS VALUES ('Surrealismo', 'Los de Marras', 2014, ORDIMAGE.INIT());
INSERT INTO ALBUMS VALUES ('Bother', 'Vendetta', 2016, ORDIMAGE.INIT());
INSERT INTO ALBUMS VALUES ('11 palos', 'Poncho K', 2017, ORDIMAGE.INIT());

SET SERVEROUTPUT ON;
SET ECHO ON;
/* insert all songs into respective row -> might take some time (1 - 2 minutes) */
DECLARE
  OBJ ORDAUDIO;
  CTX RAW(64) := NULL;
  NEW_ID NUMBER := 1;
BEGIN
  SELECT MAX(ID) INTO NEW_ID FROM SONGS;

  
  INSERT INTO SONGS VALUES('Com camot', 'Auxili', 'Tresors', ORDAUDIO.INIT(), NEW_ID);
  SELECT TRACKFILE INTO OBJ FROM SONGS WHERE ID = NEW_ID FOR UPDATE;
 
  OBJ.SETSOURCE('FILE','MEDIA_DIR','com_camot.mp3');
  OBJ.IMPORT(CTX);
 
  OBJ.SETPROPERTIES(CTX);
 
  UPDATE SONGS SET TRACKFILE = OBJ WHERE ID = NEW_ID;
  DBMS_OUTPUT.PUT_LINE('inserted song with id ' || NEW_ID);
  
  
  NEW_ID := NEW_ID + 1;

  INSERT INTO SONGS VALUES('Converses de balcons', 'Auxili', 'Tresors', ORDAUDIO.INIT(), NEW_ID);
  SELECT TRACKFILE INTO OBJ FROM SONGS WHERE ID = NEW_ID FOR UPDATE;
 
  OBJ.SETSOURCE('FILE','MEDIA_DIR','converses_de_balcons.mp3');
  OBJ.IMPORT(CTX);
 
  OBJ.SETPROPERTIES(CTX);
 
  UPDATE SONGS SET TRACKFILE = OBJ WHERE ID = NEW_ID;
  DBMS_OUTPUT.PUT_LINE('inserted song with id ' || NEW_ID);
  
  
  
  NEW_ID := NEW_ID + 1;

  INSERT INTO SONGS VALUES('El front', 'Auxili', 'Tresors', ORDAUDIO.INIT(), NEW_ID);
  SELECT TRACKFILE INTO OBJ FROM SONGS WHERE ID = NEW_ID FOR UPDATE;
 
  OBJ.SETSOURCE('FILE','MEDIA_DIR','el_front.mp3');
  OBJ.IMPORT(CTX);
 
  OBJ.SETPROPERTIES(CTX);
 
  UPDATE SONGS SET TRACKFILE = OBJ WHERE ID = NEW_ID;
  DBMS_OUTPUT.PUT_LINE('inserted song with id ' || NEW_ID);
  
  
  
  NEW_ID := NEW_ID + 1;

  INSERT INTO SONGS VALUES('Ferides', 'Auxili', 'Tresors', ORDAUDIO.INIT(), NEW_ID);
  SELECT TRACKFILE INTO OBJ FROM SONGS WHERE ID = NEW_ID FOR UPDATE;
 
  OBJ.SETSOURCE('FILE','MEDIA_DIR','ferides.mp3');
  OBJ.IMPORT(CTX);
 
  OBJ.SETPROPERTIES(CTX);
 
  UPDATE SONGS SET TRACKFILE = OBJ WHERE ID = NEW_ID;
  DBMS_OUTPUT.PUT_LINE('inserted song with id ' || NEW_ID);
  
  
  
  NEW_ID := NEW_ID + 1;

  INSERT INTO SONGS VALUES('Fora dels murs', 'Auxili', 'Tresors', ORDAUDIO.INIT(), NEW_ID);
  SELECT TRACKFILE INTO OBJ FROM SONGS WHERE ID = NEW_ID FOR UPDATE;
 
  OBJ.SETSOURCE('FILE','MEDIA_DIR','fora_dels_murs.mp3');
  OBJ.IMPORT(CTX);
 
  OBJ.SETPROPERTIES(CTX);
 
  UPDATE SONGS SET TRACKFILE = OBJ WHERE ID = NEW_ID;
  DBMS_OUTPUT.PUT_LINE('inserted song with id ' || NEW_ID);
  
  
  
  NEW_ID := NEW_ID + 1;

  INSERT INTO SONGS VALUES('Hui la liem', 'Auxili', 'Tresors', ORDAUDIO.INIT(), NEW_ID);
  SELECT TRACKFILE INTO OBJ FROM SONGS WHERE ID = NEW_ID FOR UPDATE;
 
  OBJ.SETSOURCE('FILE','MEDIA_DIR','hui_la_liem.mp3');
  OBJ.IMPORT(CTX);
 
  OBJ.SETPROPERTIES(CTX);
 
  UPDATE SONGS SET TRACKFILE = OBJ WHERE ID = NEW_ID;
  DBMS_OUTPUT.PUT_LINE('inserted song with id ' || NEW_ID);
  
  
  
  NEW_ID := NEW_ID + 1;

  INSERT INTO SONGS VALUES('No m esperes', 'Auxili', 'Tresors', ORDAUDIO.INIT(), NEW_ID);
  SELECT TRACKFILE INTO OBJ FROM SONGS WHERE ID = NEW_ID FOR UPDATE;
 
  OBJ.SETSOURCE('FILE','MEDIA_DIR','no_mesperes.mp3');
  OBJ.IMPORT(CTX);
 
  OBJ.SETPROPERTIES(CTX);
 
  UPDATE SONGS SET TRACKFILE = OBJ WHERE ID = NEW_ID;
  DBMS_OUTPUT.PUT_LINE('inserted song with id ' || NEW_ID);
  
  
  
  NEW_ID := NEW_ID + 1;

  INSERT INTO SONGS VALUES('Pagines negres', 'Auxili', 'Tresors', ORDAUDIO.INIT(), NEW_ID);
  SELECT TRACKFILE INTO OBJ FROM SONGS WHERE ID = NEW_ID FOR UPDATE;
 
  OBJ.SETSOURCE('FILE','MEDIA_DIR','pagines_negres.mp3');
  OBJ.IMPORT(CTX);
 
  OBJ.SETPROPERTIES(CTX);
 
  UPDATE SONGS SET TRACKFILE = OBJ WHERE ID = NEW_ID;
  DBMS_OUTPUT.PUT_LINE('inserted song with id ' || NEW_ID);
  
  
  
  NEW_ID := NEW_ID + 1;

  INSERT INTO SONGS VALUES('Si tu vols', 'Auxili', 'Tresors', ORDAUDIO.INIT(), NEW_ID);
  SELECT TRACKFILE INTO OBJ FROM SONGS WHERE ID = NEW_ID FOR UPDATE;
 
  OBJ.SETSOURCE('FILE','MEDIA_DIR','si_tu_vols.mp3');
  OBJ.IMPORT(CTX);
 
  OBJ.SETPROPERTIES(CTX);
 
  UPDATE SONGS SET TRACKFILE = OBJ WHERE ID = NEW_ID;
  DBMS_OUTPUT.PUT_LINE('inserted song with id ' || NEW_ID);
  
  
  
  NEW_ID := NEW_ID + 1;

  INSERT INTO SONGS VALUES('T escric', 'Auxili', 'Tresors', ORDAUDIO.INIT(), NEW_ID);
  SELECT TRACKFILE INTO OBJ FROM SONGS WHERE ID = NEW_ID FOR UPDATE;
 
  OBJ.SETSOURCE('FILE','MEDIA_DIR','tescric.mp3');
  OBJ.IMPORT(CTX);
 
  OBJ.SETPROPERTIES(CTX);
 
  UPDATE SONGS SET TRACKFILE = OBJ WHERE ID = NEW_ID;
  DBMS_OUTPUT.PUT_LINE('inserted song with id ' || NEW_ID);
  
  
  COMMIT;
 
 
  NEW_ID := NEW_ID + 1;
 
  INSERT INTO SONGS VALUES('Aun quedan ganas', 'Vendetta', 'Bother', ORDAUDIO.INIT(), NEW_ID);
  SELECT TRACKFILE INTO OBJ FROM SONGS WHERE ID = NEW_ID FOR UPDATE;
 
  OBJ.SETSOURCE('FILE','MEDIA_DIR','aun_quedan_ganas_bot.mp3');
  OBJ.IMPORT(CTX);
 
  OBJ.SETPROPERTIES(CTX);
 
  UPDATE SONGS SET TRACKFILE = OBJ WHERE ID = NEW_ID;
  DBMS_OUTPUT.PUT_LINE('inserted song with id ' || NEW_ID);
  
  COMMIT;
  
  NEW_ID := NEW_ID + 1;
  
  INSERT INTO SONGS VALUES('Batasuna', 'Vendetta', 'Bother', ORDAUDIO.INIT(), NEW_ID);
  SELECT TRACKFILE INTO OBJ FROM SONGS WHERE ID = NEW_ID FOR UPDATE;
 
  OBJ.SETSOURCE('FILE','MEDIA_DIR','batasuna_bot.mp3');
  OBJ.IMPORT(CTX);
 
  OBJ.SETPROPERTIES(CTX);
 
  UPDATE SONGS SET TRACKFILE = OBJ WHERE ID = NEW_ID;
  DBMS_OUTPUT.PUT_LINE('inserted song with id ' || NEW_ID);
  
  COMMIT;
  NEW_ID := NEW_ID + 1;
  
  
  INSERT INTO SONGS VALUES('Bother the police', 'Vendetta', 'Bother', ORDAUDIO.INIT(), NEW_ID);
  SELECT TRACKFILE INTO OBJ FROM SONGS WHERE ID = NEW_ID FOR UPDATE;
 
  OBJ.SETSOURCE('FILE','MEDIA_DIR','bother_the_police_bot.mp3');
  OBJ.IMPORT(CTX);
 
  OBJ.SETPROPERTIES(CTX);
 
  UPDATE SONGS SET TRACKFILE = OBJ WHERE ID = NEW_ID;
  DBMS_OUTPUT.PUT_LINE('inserted song with id ' || NEW_ID);
  
  COMMIT;
  NEW_ID := NEW_ID + 1;
  
  
  INSERT INTO SONGS VALUES('Madre', 'Vendetta', 'Bother', ORDAUDIO.INIT(), NEW_ID);
  SELECT TRACKFILE INTO OBJ FROM SONGS WHERE ID = NEW_ID FOR UPDATE;
 
  OBJ.SETSOURCE('FILE','MEDIA_DIR','madre_bot.mp3');
  OBJ.IMPORT(CTX);
 
  OBJ.SETPROPERTIES(CTX);
 
  UPDATE SONGS SET TRACKFILE = OBJ WHERE ID = NEW_ID;
  DBMS_OUTPUT.PUT_LINE('inserted song with id ' || NEW_ID);
  
  COMMIT;
  NEW_ID := NEW_ID + 1;
  
  
  INSERT INTO SONGS VALUES('No sabeis amar', 'Vendetta', 'Bother', ORDAUDIO.INIT(), NEW_ID);
  SELECT TRACKFILE INTO OBJ FROM SONGS WHERE ID = NEW_ID FOR UPDATE;
 
  OBJ.SETSOURCE('FILE','MEDIA_DIR','no_sabeis_amar_bot.mp3');
  OBJ.IMPORT(CTX);
 
  OBJ.SETPROPERTIES(CTX);
 
  UPDATE SONGS SET TRACKFILE = OBJ WHERE ID = NEW_ID;
  DBMS_OUTPUT.PUT_LINE('inserted song with id ' || NEW_ID);
  
  COMMIT;
  NEW_ID := NEW_ID + 1;
  
  
  INSERT INTO SONGS VALUES('No volvere', 'Vendetta', 'Bother', ORDAUDIO.INIT(), NEW_ID);
  SELECT TRACKFILE INTO OBJ FROM SONGS WHERE ID = NEW_ID FOR UPDATE;
 
  OBJ.SETSOURCE('FILE','MEDIA_DIR','no_volvere_bot.mp3');
  OBJ.IMPORT(CTX);
 
  OBJ.SETPROPERTIES(CTX);
 
  UPDATE SONGS SET TRACKFILE = OBJ WHERE ID = NEW_ID;
  DBMS_OUTPUT.PUT_LINE('inserted song with id ' || NEW_ID);
  
  COMMIT;
  NEW_ID := NEW_ID + 1;
  
  
  INSERT INTO SONGS VALUES('Pao pao pao', 'Vendetta', 'Bother', ORDAUDIO.INIT(), NEW_ID);
  SELECT TRACKFILE INTO OBJ FROM SONGS WHERE ID = NEW_ID FOR UPDATE;
 
  OBJ.SETSOURCE('FILE','MEDIA_DIR','pao_pao_pao_bot.mp3');
  OBJ.IMPORT(CTX);
 
  OBJ.SETPROPERTIES(CTX);
 
  UPDATE SONGS SET TRACKFILE = OBJ WHERE ID = NEW_ID;
  DBMS_OUTPUT.PUT_LINE('inserted song with id ' || NEW_ID);
  
  COMMIT;
  NEW_ID := NEW_ID + 1;
  
  
  INSERT INTO SONGS VALUES('Que importa', 'Vendetta', 'Bother', ORDAUDIO.INIT(), NEW_ID);
  SELECT TRACKFILE INTO OBJ FROM SONGS WHERE ID = NEW_ID FOR UPDATE;
 
  OBJ.SETSOURCE('FILE','MEDIA_DIR','que_importa_bot.mp3');
  OBJ.IMPORT(CTX);
 
  OBJ.SETPROPERTIES(CTX);
 
  UPDATE SONGS SET TRACKFILE = OBJ WHERE ID = NEW_ID;
  DBMS_OUTPUT.PUT_LINE('inserted song with id ' || NEW_ID);
  
  COMMIT;
  NEW_ID := NEW_ID + 1;
  
  
  INSERT INTO SONGS VALUES('Reggaean Hegan', 'Vendetta', 'Bother', ORDAUDIO.INIT(), NEW_ID);
  SELECT TRACKFILE INTO OBJ FROM SONGS WHERE ID = NEW_ID FOR UPDATE;
 
  OBJ.SETSOURCE('FILE','MEDIA_DIR','reggaean_hegan_bot.mp3');
  OBJ.IMPORT(CTX);
 
  OBJ.SETPROPERTIES(CTX);
 
  UPDATE SONGS SET TRACKFILE = OBJ WHERE ID = NEW_ID;
  DBMS_OUTPUT.PUT_LINE('inserted song with id ' || NEW_ID);
  
  COMMIT;
  NEW_ID := NEW_ID + 1;
  
  
  INSERT INTO SONGS VALUES('Zai', 'Vendetta', 'Bother', ORDAUDIO.INIT(), NEW_ID);
  SELECT TRACKFILE INTO OBJ FROM SONGS WHERE ID = NEW_ID FOR UPDATE;
 
  OBJ.SETSOURCE('FILE','MEDIA_DIR','zai_bot.mp3');
  OBJ.IMPORT(CTX);
 
  OBJ.SETPROPERTIES(CTX);
 
  UPDATE SONGS SET TRACKFILE = OBJ WHERE ID = NEW_ID;
  DBMS_OUTPUT.PUT_LINE('inserted song with id ' || NEW_ID);
  
  COMMIT;
  NEW_ID := NEW_ID + 1;
  
  
 
  
  
  INSERT INTO SONGS VALUES('Al trote', 'Poncho K', '11 palos', ORDAUDIO.INIT(), NEW_ID);
  SELECT TRACKFILE INTO OBJ FROM SONGS WHERE ID = NEW_ID FOR UPDATE;
 
  OBJ.SETSOURCE('FILE','MEDIA_DIR','al_trote_11p.mp3');
  OBJ.IMPORT(CTX);
 
  OBJ.SETPROPERTIES(CTX);
 
  UPDATE SONGS SET TRACKFILE = OBJ WHERE ID = NEW_ID;
  DBMS_OUTPUT.PUT_LINE('inserted song with id ' || NEW_ID);
  
  
  NEW_ID := NEW_ID + 1;
  
  
  
  INSERT INTO SONGS VALUES('De sereno', 'Poncho K', '11 palos', ORDAUDIO.INIT(), NEW_ID);
  SELECT TRACKFILE INTO OBJ FROM SONGS WHERE ID = NEW_ID FOR UPDATE;
 
  OBJ.SETSOURCE('FILE','MEDIA_DIR','de_sereno_11p.mp3');
  OBJ.IMPORT(CTX);
 
  OBJ.SETPROPERTIES(CTX);
 
  UPDATE SONGS SET TRACKFILE = OBJ WHERE ID = NEW_ID;
  DBMS_OUTPUT.PUT_LINE('inserted song with id ' || NEW_ID);
  
  
  NEW_ID := NEW_ID + 1;
  
  
  
  INSERT INTO SONGS VALUES('El gallo de la veleta', 'Poncho K', '11 palos', ORDAUDIO.INIT(), NEW_ID);
  SELECT TRACKFILE INTO OBJ FROM SONGS WHERE ID = NEW_ID FOR UPDATE;
 
  OBJ.SETSOURCE('FILE','MEDIA_DIR','el_gallo_de_la_veleta_11p.mp3');
  OBJ.IMPORT(CTX);
 
  OBJ.SETPROPERTIES(CTX);
 
  UPDATE SONGS SET TRACKFILE = OBJ WHERE ID = NEW_ID;
  DBMS_OUTPUT.PUT_LINE('inserted song with id ' || NEW_ID);
  
  
  NEW_ID := NEW_ID + 1;
  
  
  
  INSERT INTO SONGS VALUES('El hombrecito', 'Poncho K', '11 palos', ORDAUDIO.INIT(), NEW_ID);
  SELECT TRACKFILE INTO OBJ FROM SONGS WHERE ID = NEW_ID FOR UPDATE;
 
  OBJ.SETSOURCE('FILE','MEDIA_DIR','el_hombrecito_11p.mp3');
  OBJ.IMPORT(CTX);
 
  OBJ.SETPROPERTIES(CTX);
 
  UPDATE SONGS SET TRACKFILE = OBJ WHERE ID = NEW_ID;
  DBMS_OUTPUT.PUT_LINE('inserted song with id ' || NEW_ID);
  
  
  NEW_ID := NEW_ID + 1;
  
  
  
  INSERT INTO SONGS VALUES('La nina del caracol', 'Poncho K', '11 palos', ORDAUDIO.INIT(), NEW_ID);
  SELECT TRACKFILE INTO OBJ FROM SONGS WHERE ID = NEW_ID FOR UPDATE;
 
  OBJ.SETSOURCE('FILE','MEDIA_DIR','la_nina_del_caracol_11p.mp3');
  OBJ.IMPORT(CTX);
 
  OBJ.SETPROPERTIES(CTX);
 
  UPDATE SONGS SET TRACKFILE = OBJ WHERE ID = NEW_ID;
  DBMS_OUTPUT.PUT_LINE('inserted song with id ' || NEW_ID);
  
  
  NEW_ID := NEW_ID + 1;
  
  
  
  INSERT INTO SONGS VALUES('Los carniceros', 'Poncho K', '11 palos', ORDAUDIO.INIT(), NEW_ID);
  SELECT TRACKFILE INTO OBJ FROM SONGS WHERE ID = NEW_ID FOR UPDATE;
 
  OBJ.SETSOURCE('FILE','MEDIA_DIR','los_carniceros_11p.mp3');
  OBJ.IMPORT(CTX);
 
  OBJ.SETPROPERTIES(CTX);
 
  UPDATE SONGS SET TRACKFILE = OBJ WHERE ID = NEW_ID;
  DBMS_OUTPUT.PUT_LINE('inserted song with id ' || NEW_ID);
  
  
  NEW_ID := NEW_ID + 1;
  
  
  
  INSERT INTO SONGS VALUES('Lo tierno y la corteza', 'Poncho K', '11 palos', ORDAUDIO.INIT(), NEW_ID);
  SELECT TRACKFILE INTO OBJ FROM SONGS WHERE ID = NEW_ID FOR UPDATE;
 
  OBJ.SETSOURCE('FILE','MEDIA_DIR','lo_tierno_y_la_corteza_11p.mp3');
  OBJ.IMPORT(CTX);
 
  OBJ.SETPROPERTIES(CTX);
 
  UPDATE SONGS SET TRACKFILE = OBJ WHERE ID = NEW_ID;
  DBMS_OUTPUT.PUT_LINE('inserted song with id ' || NEW_ID);
  
  
  NEW_ID := NEW_ID + 1;
  
  
  
  INSERT INTO SONGS VALUES('Magia pura', 'Poncho K', '11 palos', ORDAUDIO.INIT(), NEW_ID);
  SELECT TRACKFILE INTO OBJ FROM SONGS WHERE ID = NEW_ID FOR UPDATE;
 
  OBJ.SETSOURCE('FILE','MEDIA_DIR','magia_pura_11p.mp3');
  OBJ.IMPORT(CTX);
 
  OBJ.SETPROPERTIES(CTX);
 
  UPDATE SONGS SET TRACKFILE = OBJ WHERE ID = NEW_ID;
  DBMS_OUTPUT.PUT_LINE('inserted song with id ' || NEW_ID);
  
  
  NEW_ID := NEW_ID + 1;
  
  
  
  INSERT INTO SONGS VALUES('Mequetrefe', 'Poncho K', '11 palos', ORDAUDIO.INIT(), NEW_ID);
  SELECT TRACKFILE INTO OBJ FROM SONGS WHERE ID = NEW_ID FOR UPDATE;
 
  OBJ.SETSOURCE('FILE','MEDIA_DIR','mequetrefe_11p.mp3');
  OBJ.IMPORT(CTX);
 
  OBJ.SETPROPERTIES(CTX);
 
  UPDATE SONGS SET TRACKFILE = OBJ WHERE ID = NEW_ID;
  DBMS_OUTPUT.PUT_LINE('inserted song with id ' || NEW_ID);
  
  
  NEW_ID := NEW_ID + 1;
  
  
  
  INSERT INTO SONGS VALUES('No me sale del cono', 'Poncho K', '11 palos', ORDAUDIO.INIT(), NEW_ID);
  SELECT TRACKFILE INTO OBJ FROM SONGS WHERE ID = NEW_ID FOR UPDATE;
 
  OBJ.SETSOURCE('FILE','MEDIA_DIR','no_me_sale_del_cono_11p.mp3');
  OBJ.IMPORT(CTX);
 
  OBJ.SETPROPERTIES(CTX);
 
  UPDATE SONGS SET TRACKFILE = OBJ WHERE ID = NEW_ID;
  DBMS_OUTPUT.PUT_LINE('inserted song with id ' || NEW_ID);
  
  
  NEW_ID := NEW_ID + 1;
  
  
  
  INSERT INTO SONGS VALUES('Vuela', 'Poncho K', '11 palos', ORDAUDIO.INIT(), NEW_ID);
  SELECT TRACKFILE INTO OBJ FROM SONGS WHERE ID = NEW_ID FOR UPDATE;
 
  OBJ.SETSOURCE('FILE','MEDIA_DIR','vuela_11p.mp3');
  OBJ.IMPORT(CTX);
 
  OBJ.SETPROPERTIES(CTX);
 
  UPDATE SONGS SET TRACKFILE = OBJ WHERE ID = NEW_ID;
  DBMS_OUTPUT.PUT_LINE('inserted song with id ' || NEW_ID);
  
  
  NEW_ID := NEW_ID + 1;
  
  
  
  
  
  INSERT INTO SONGS VALUES('Coleando', 'Los de Marras', 'Surrealismo', ORDAUDIO.INIT(), NEW_ID);
  SELECT TRACKFILE INTO OBJ FROM SONGS WHERE ID = NEW_ID FOR UPDATE;
 
  OBJ.SETSOURCE('FILE','MEDIA_DIR','coleando_sur.mp3');
  OBJ.IMPORT(CTX);
 
  OBJ.SETPROPERTIES(CTX);
 
  UPDATE SONGS SET TRACKFILE = OBJ WHERE ID = NEW_ID;
  DBMS_OUTPUT.PUT_LINE('inserted song with id ' || NEW_ID);
  
  
  NEW_ID := NEW_ID + 1;
  
  
  INSERT INTO SONGS VALUES('Compadre', 'Los de Marras', 'Surrealismo', ORDAUDIO.INIT(), NEW_ID);
  SELECT TRACKFILE INTO OBJ FROM SONGS WHERE ID = NEW_ID FOR UPDATE;
 
  OBJ.SETSOURCE('FILE','MEDIA_DIR','compadre_sur.mp3');
  OBJ.IMPORT(CTX);
 
  OBJ.SETPROPERTIES(CTX);
 
  UPDATE SONGS SET TRACKFILE = OBJ WHERE ID = NEW_ID;
  DBMS_OUTPUT.PUT_LINE('inserted song with id ' || NEW_ID);
  
  
  NEW_ID := NEW_ID + 1;
  
  
  INSERT INTO SONGS VALUES('De que se rie', 'Los de Marras', 'Surrealismo', ORDAUDIO.INIT(), NEW_ID);
  SELECT TRACKFILE INTO OBJ FROM SONGS WHERE ID = NEW_ID FOR UPDATE;
 
  OBJ.SETSOURCE('FILE','MEDIA_DIR','de_que_se_rie_sur.mp3');
  OBJ.IMPORT(CTX);
 
  OBJ.SETPROPERTIES(CTX);
 
  UPDATE SONGS SET TRACKFILE = OBJ WHERE ID = NEW_ID;
  DBMS_OUTPUT.PUT_LINE('inserted song with id ' || NEW_ID);
  
  
  NEW_ID := NEW_ID + 1;
  
  
  INSERT INTO SONGS VALUES('Encadenado', 'Los de Marras', 'Surrealismo', ORDAUDIO.INIT(), NEW_ID);
  SELECT TRACKFILE INTO OBJ FROM SONGS WHERE ID = NEW_ID FOR UPDATE;
 
  OBJ.SETSOURCE('FILE','MEDIA_DIR','encadenado_sur.mp3');
  OBJ.IMPORT(CTX);
 
  OBJ.SETPROPERTIES(CTX);
 
  UPDATE SONGS SET TRACKFILE = OBJ WHERE ID = NEW_ID;
  DBMS_OUTPUT.PUT_LINE('inserted song with id ' || NEW_ID);
  
  
  NEW_ID := NEW_ID + 1;
  
  
  INSERT INTO SONGS VALUES('En los tejados', 'Los de Marras', 'Surrealismo', ORDAUDIO.INIT(), NEW_ID);
  SELECT TRACKFILE INTO OBJ FROM SONGS WHERE ID = NEW_ID FOR UPDATE;
 
  OBJ.SETSOURCE('FILE','MEDIA_DIR','en_los_tejados_sur.mp3');
  OBJ.IMPORT(CTX);
 
  OBJ.SETPROPERTIES(CTX);
 
  UPDATE SONGS SET TRACKFILE = OBJ WHERE ID = NEW_ID;
  DBMS_OUTPUT.PUT_LINE('inserted song with id ' || NEW_ID);
  
  
  NEW_ID := NEW_ID + 1;
  
  
  INSERT INTO SONGS VALUES('Futuro?!', 'Los de Marras', 'Surrealismo', ORDAUDIO.INIT(), NEW_ID);
  SELECT TRACKFILE INTO OBJ FROM SONGS WHERE ID = NEW_ID FOR UPDATE;
 
  OBJ.SETSOURCE('FILE','MEDIA_DIR','futuro_sur.mp3');
  OBJ.IMPORT(CTX);
 
  OBJ.SETPROPERTIES(CTX);
 
  UPDATE SONGS SET TRACKFILE = OBJ WHERE ID = NEW_ID;
  DBMS_OUTPUT.PUT_LINE('inserted song with id ' || NEW_ID);
  
  
  NEW_ID := NEW_ID + 1;
  
  
  INSERT INTO SONGS VALUES('Hoy', 'Los de Marras', 'Surrealismo', ORDAUDIO.INIT(), NEW_ID);
  SELECT TRACKFILE INTO OBJ FROM SONGS WHERE ID = NEW_ID FOR UPDATE;
 
  OBJ.SETSOURCE('FILE','MEDIA_DIR','hoy_sur.mp3');
  OBJ.IMPORT(CTX);
 
  OBJ.SETPROPERTIES(CTX);
 
  UPDATE SONGS SET TRACKFILE = OBJ WHERE ID = NEW_ID;
  DBMS_OUTPUT.PUT_LINE('inserted song with id ' || NEW_ID);
  
  
  NEW_ID := NEW_ID + 1;
  
  
  INSERT INTO SONGS VALUES('Medolias', 'Los de Marras', 'Surrealismo', ORDAUDIO.INIT(), NEW_ID);
  SELECT TRACKFILE INTO OBJ FROM SONGS WHERE ID = NEW_ID FOR UPDATE;
 
  OBJ.SETSOURCE('FILE','MEDIA_DIR','medolias_sur.mp3');
  OBJ.IMPORT(CTX);
 
  OBJ.SETPROPERTIES(CTX);
 
  UPDATE SONGS SET TRACKFILE = OBJ WHERE ID = NEW_ID;
  DBMS_OUTPUT.PUT_LINE('inserted song with id ' || NEW_ID);
  
  
  NEW_ID := NEW_ID + 1;
  
  
  INSERT INTO SONGS VALUES('Poder', 'Los de Marras', 'Surrealismo', ORDAUDIO.INIT(), NEW_ID);
  SELECT TRACKFILE INTO OBJ FROM SONGS WHERE ID = NEW_ID FOR UPDATE;
 
  OBJ.SETSOURCE('FILE','MEDIA_DIR','poder_sur.mp3');
  OBJ.IMPORT(CTX);
 
  OBJ.SETPROPERTIES(CTX);
 
  UPDATE SONGS SET TRACKFILE = OBJ WHERE ID = NEW_ID;
  DBMS_OUTPUT.PUT_LINE('inserted song with id ' || NEW_ID);
  
  
  NEW_ID := NEW_ID + 1;
  
  
  INSERT INTO SONGS VALUES('Revolviendo', 'Los de Marras', 'Surrealismo', ORDAUDIO.INIT(), NEW_ID);
  SELECT TRACKFILE INTO OBJ FROM SONGS WHERE ID = NEW_ID FOR UPDATE;
 
  OBJ.SETSOURCE('FILE','MEDIA_DIR','revolviendo_sur.mp3');
  OBJ.IMPORT(CTX);
 
  OBJ.SETPROPERTIES(CTX);
 
  UPDATE SONGS SET TRACKFILE = OBJ WHERE ID = NEW_ID;
  DBMS_OUTPUT.PUT_LINE('inserted song with id ' || NEW_ID);
  
  
  NEW_ID := NEW_ID + 1;
  
  
  INSERT INTO SONGS VALUES('Ruido', 'Los de Marras', 'Surrealismo', ORDAUDIO.INIT(), NEW_ID);
  SELECT TRACKFILE INTO OBJ FROM SONGS WHERE ID = NEW_ID FOR UPDATE;
 
  OBJ.SETSOURCE('FILE','MEDIA_DIR','ruido_sur.mp3');
  OBJ.IMPORT(CTX);
 
  OBJ.SETPROPERTIES(CTX);
 
  UPDATE SONGS SET TRACKFILE = OBJ WHERE ID = NEW_ID;
  DBMS_OUTPUT.PUT_LINE('inserted song with id ' || NEW_ID);
  
  
  NEW_ID := NEW_ID + 1;
  
  
  INSERT INTO SONGS VALUES('Ser o no ser', 'Los de Marras', 'Surrealismo', ORDAUDIO.INIT(), NEW_ID);
  SELECT TRACKFILE INTO OBJ FROM SONGS WHERE ID = NEW_ID FOR UPDATE;
 
  OBJ.SETSOURCE('FILE','MEDIA_DIR','ser_o_no_ser_sur.mp3');
  OBJ.IMPORT(CTX);
 
  OBJ.SETPROPERTIES(CTX);
 
  UPDATE SONGS SET TRACKFILE = OBJ WHERE ID = NEW_ID;
  DBMS_OUTPUT.PUT_LINE('inserted song with id ' || NEW_ID);
  
  
  NEW_ID := NEW_ID + 1;
  
  
  INSERT INTO SONGS VALUES('Sufro', 'Los de Marras', 'Surrealismo', ORDAUDIO.INIT(), NEW_ID);
  SELECT TRACKFILE INTO OBJ FROM SONGS WHERE ID = NEW_ID FOR UPDATE;
 
  OBJ.SETSOURCE('FILE','MEDIA_DIR','sufro_sur.mp3');
  OBJ.IMPORT(CTX);
 
  OBJ.SETPROPERTIES(CTX);
 
  UPDATE SONGS SET TRACKFILE = OBJ WHERE ID = NEW_ID;
  DBMS_OUTPUT.PUT_LINE('inserted song with id ' || NEW_ID);
  
  COMMIT;
  
END;
/

/* insert image files to albums covers */
DECLARE 
  COVER_FILE ORDIMAGE;
  ALBUM_NAME VARCHAR(50);
  ALBUM_SOURCEFILE VARCHAR(50);
  CTX RAW(64) := NULL;
BEGIN
  
  ALBUM_NAME := 'Bother';
  ALBUM_SOURCEFILE := 'front_bot.jpg';
  SELECT COVER INTO COVER_FILE FROM ALBUMS WHERE NAME = ALBUM_NAME FOR UPDATE;
  
  COVER_FILE.SETSOURCE('FILE', 'IMAGES_DIR', ALBUM_SOURCEFILE);
  COVER_FILE.IMPORT(CTX);
  COVER_FILE.SETPROPERTIES();
  
  UPDATE ALBUMS SET COVER = COVER_FILE WHERE NAME = ALBUM_NAME;
  DBMS_OUTPUT.PUT_LINE('inserted cover file for album ' || ALBUM_NAME);
  
  COMMIT;
  
  ALBUM_NAME := 'Tresors';
  ALBUM_SOURCEFILE := 'front_tresors.jpg';
  SELECT COVER INTO COVER_FILE FROM ALBUMS WHERE NAME = ALBUM_NAME FOR UPDATE;
  
  COVER_FILE.SETSOURCE('FILE', 'IMAGES_DIR', ALBUM_SOURCEFILE);
  COVER_FILE.IMPORT(CTX);
  COVER_FILE.SETPROPERTIES();
  
  UPDATE ALBUMS SET COVER = COVER_FILE WHERE NAME = ALBUM_NAME;
  DBMS_OUTPUT.PUT_LINE('inserted cover file for album ' || ALBUM_NAME);
  
  
  COMMIT;
  
  ALBUM_NAME := 'Surrealismo';
  ALBUM_SOURCEFILE := 'front_sur.jpg';
  SELECT COVER INTO COVER_FILE FROM ALBUMS WHERE NAME = ALBUM_NAME FOR UPDATE;
  
  COVER_FILE.SETSOURCE('FILE', 'IMAGES_DIR', ALBUM_SOURCEFILE);
  COVER_FILE.IMPORT(CTX);
  COVER_FILE.SETPROPERTIES();
  
  UPDATE ALBUMS SET COVER = COVER_FILE WHERE NAME = ALBUM_NAME;
  DBMS_OUTPUT.PUT_LINE('inserted cover file for album ' || ALBUM_NAME);
  
  
  COMMIT;
  
  ALBUM_NAME := '11 palos';
  ALBUM_SOURCEFILE := 'front_11p.jpg';
  SELECT COVER INTO COVER_FILE FROM ALBUMS WHERE NAME = ALBUM_NAME FOR UPDATE;
  
  COVER_FILE.SETSOURCE('FILE', 'IMAGES_DIR', ALBUM_SOURCEFILE);
  COVER_FILE.IMPORT(CTX);
  COVER_FILE.SETPROPERTIES();
  
  UPDATE ALBUMS SET COVER = COVER_FILE WHERE NAME = ALBUM_NAME;
  DBMS_OUTPUT.PUT_LINE('inserted cover file for album ' || ALBUM_NAME);
  
  
  COMMIT;

END;
/

/*check that images have been inserted correctly*/
DECLARE
  COVER_FILE ORDIMAGE;
  CTX RAW(64) := NULL;
  ALBUM_NAME VARCHAR(50);
BEGIN
  ALBUM_NAME := 'Bother';
  SELECT COVER INTO COVER_FILE FROM ALBUMS WHERE NAME = ALBUM_NAME;
  IF (COVER_FILE.CHECKPROPERTIES()) THEN
    DBMS_OUTPUT.PUT_LINE('Album: ' || ALBUM_NAME);
    DBMS_OUTPUT.PUT_LINE('image height: ' || COVER_FILE.GETHEIGHT());
    DBMS_OUTPUT.PUT_LINE('image width: ' || COVER_FILE.GETWIDTH());
    DBMS_OUTPUT.PUT_LINE('image format: ' || COVER_FILE.GETCONTENTFORMAT());
    DBMS_OUTPUT.PUT_LINE('image size: ' || COVER_FILE.GETCONTENTLENGTH());
  ELSE
    DBMS_OUTPUT.PUT_LINE('Properties not set correctly');
  END IF;
  DBMS_OUTPUT.PUT_LINE('');
  DBMS_OUTPUT.PUT_LINE('');
  

  ALBUM_NAME := 'Tresors';
  SELECT COVER INTO COVER_FILE FROM ALBUMS WHERE NAME = ALBUM_NAME;
  IF (COVER_FILE.CHECKPROPERTIES()) THEN
    DBMS_OUTPUT.PUT_LINE('Album: ' || ALBUM_NAME);
    DBMS_OUTPUT.PUT_LINE('image height: ' || COVER_FILE.GETHEIGHT());
    DBMS_OUTPUT.PUT_LINE('image width: ' || COVER_FILE.GETWIDTH());
    DBMS_OUTPUT.PUT_LINE('image format: ' || COVER_FILE.GETCONTENTFORMAT());
    DBMS_OUTPUT.PUT_LINE('image size: ' || COVER_FILE.GETCONTENTLENGTH());
  ELSE
    DBMS_OUTPUT.PUT_LINE('Properties not set correctly');
  END IF;
  DBMS_OUTPUT.PUT_LINE('');
  DBMS_OUTPUT.PUT_LINE('');
  

  ALBUM_NAME := 'Surrealismo';
  SELECT COVER INTO COVER_FILE FROM ALBUMS WHERE NAME = ALBUM_NAME;
  IF (COVER_FILE.CHECKPROPERTIES()) THEN
    DBMS_OUTPUT.PUT_LINE('Album: ' || ALBUM_NAME);
    DBMS_OUTPUT.PUT_LINE('image height: ' || COVER_FILE.GETHEIGHT());
    DBMS_OUTPUT.PUT_LINE('image width: ' || COVER_FILE.GETWIDTH());
    DBMS_OUTPUT.PUT_LINE('image format: ' || COVER_FILE.GETCONTENTFORMAT());
    DBMS_OUTPUT.PUT_LINE('image size: ' || COVER_FILE.GETCONTENTLENGTH());
  ELSE
    DBMS_OUTPUT.PUT_LINE('Properties not set correctly');
  END IF;
  DBMS_OUTPUT.PUT_LINE('');
  DBMS_OUTPUT.PUT_LINE('');
  
  
  ALBUM_NAME := '11 palos';
  SELECT COVER INTO COVER_FILE FROM ALBUMS WHERE NAME = ALBUM_NAME;
  IF (COVER_FILE.CHECKPROPERTIES()) THEN
    DBMS_OUTPUT.PUT_LINE('Album: ' || ALBUM_NAME);
    DBMS_OUTPUT.PUT_LINE('image height: ' || COVER_FILE.GETHEIGHT());
    DBMS_OUTPUT.PUT_LINE('image width: ' || COVER_FILE.GETWIDTH());
    DBMS_OUTPUT.PUT_LINE('image format: ' || COVER_FILE.GETCONTENTFORMAT());
    DBMS_OUTPUT.PUT_LINE('image size: ' || COVER_FILE.GETCONTENTLENGTH());
  ELSE
    DBMS_OUTPUT.PUT_LINE('Properties not set correctly');
  END IF;
  DBMS_OUTPUT.PUT_LINE('');
  DBMS_OUTPUT.PUT_LINE('');


END;
/

INSERT INTO USERS VALUES ('msk1416', 'Sergi', 'Mascaro');
INSERT INTO USERS VALUES ('bstinson', 'Barney', 'Stinson');
INSERT INTO USERS VALUES ('user2204', 'Commonname', 'Commonlastname');
